"Status","Start Time","Stop Time","Duration in ms","Parent Suite","Suite","Sub Suite","Test Class","Test Method","Name","Description"
"passed","Fri Mar 15 22:40:11 CST 2019","Fri Mar 15 22:40:11 CST 2019","0","","Base_TypeTest","","Base_TypeTest","fun3","fun3",""
"passed","Fri Mar 15 22:40:12 CST 2019","Fri Mar 15 22:40:12 CST 2019","7","","ListDemoTest","","ListDemoTest","fun3","fun3",""
"passed","Fri Mar 15 22:40:11 CST 2019","Fri Mar 15 22:40:11 CST 2019","6","","Base_TypeTest","","Base_TypeTest","fun","fun",""
"passed","Fri Mar 15 22:40:12 CST 2019","Fri Mar 15 22:40:12 CST 2019","0","","ListDemoTest","","ListDemoTest","fun","fun",""
"passed","Fri Mar 15 22:40:12 CST 2019","Fri Mar 15 22:40:12 CST 2019","1","","FrogTest","","FrogTest","fun4","fun4",""
"passed","Fri Mar 15 22:40:11 CST 2019","Fri Mar 15 22:40:11 CST 2019","0","","MapDemoTest","","MapDemoTest","fun2","fun2",""
"passed","Fri Mar 15 22:40:11 CST 2019","Fri Mar 15 22:40:11 CST 2019","1","","Base_TypeTest","","Base_TypeTest","fun1","fun1",""
"passed","Fri Mar 15 22:40:12 CST 2019","Fri Mar 15 22:40:12 CST 2019","1","","ListDemoTest","","ListDemoTest","fun4","fun4",""
"passed","Fri Mar 15 22:40:11 CST 2019","Fri Mar 15 22:40:11 CST 2019","1","","MapDemoTest","","MapDemoTest","fun3","fun3",""
"passed","Fri Mar 15 22:40:12 CST 2019","Fri Mar 15 22:40:12 CST 2019","0","","FrogTest","","FrogTest","fun3","fun3",""
"passed","Fri Mar 15 22:40:12 CST 2019","Fri Mar 15 22:40:12 CST 2019","12","","ListDemoTest","","ListDemoTest","fun2","fun2",""
"passed","Fri Mar 15 22:40:12 CST 2019","Fri Mar 15 22:40:12 CST 2019","0","","ForDemoTest","","ForDemoTest","fun9","fun9",""
"passed","Fri Mar 15 22:40:12 CST 2019","Fri Mar 15 22:40:12 CST 2019","5","","FrogTest","","FrogTest","fun1","测试报告","baogaojianjie"
"passed","Fri Mar 15 22:40:11 CST 2019","Fri Mar 15 22:40:11 CST 2019","0","","Base_TypeTest","","Base_TypeTest","fun6","fun6",""
"passed","Fri Mar 15 22:40:11 CST 2019","Fri Mar 15 22:40:11 CST 2019","0","","Base_TypeTest","","Base_TypeTest","fun4","fun4",""
"passed","Fri Mar 15 22:40:12 CST 2019","Fri Mar 15 22:40:12 CST 2019","0","","ListDemoTest","","ListDemoTest","fun5","fun5",""
"passed","Fri Mar 15 22:40:11 CST 2019","Fri Mar 15 22:40:11 CST 2019","0","","MapDemoTest","","MapDemoTest","fun1","fun1",""
"passed","Fri Mar 15 22:40:12 CST 2019","Fri Mar 15 22:40:12 CST 2019","1","","ListDemoTest","","ListDemoTest","fun1","fun1",""
"passed","Fri Mar 15 22:40:11 CST 2019","Fri Mar 15 22:40:11 CST 2019","1","","Base_TypeTest","","Base_TypeTest","fun2","fun2",""
"passed","Fri Mar 15 22:40:12 CST 2019","Fri Mar 15 22:40:12 CST 2019","0","","FrogTest","","FrogTest","fun2","fun2",""
"passed","Fri Mar 15 22:40:12 CST 2019","Fri Mar 15 22:40:12 CST 2019","1","","ForDemoTest","","ForDemoTest","fun10","fun10",""
"passed","Fri Mar 15 22:40:12 CST 2019","Fri Mar 15 22:40:12 CST 2019","0","","FrogTest","","FrogTest","fun5","fun5",""
"failed","Fri Mar 15 22:40:12 CST 2019","Fri Mar 15 22:40:12 CST 2019","1","","AssertTest","","AssertTest","fun0","测试报告","baogaojianjie"
"passed","Fri Mar 15 22:40:11 CST 2019","Fri Mar 15 22:40:11 CST 2019","3","","ForDemoTest","","ForDemoTest","fun2","fun2",""
"passed","Fri Mar 15 22:40:11 CST 2019","Fri Mar 15 22:40:11 CST 2019","1","","ForDemoTest","","ForDemoTest","fun3","fun3",""
"passed","Fri Mar 15 22:40:12 CST 2019","Fri Mar 15 22:40:12 CST 2019","1","","ForDemoTest","","ForDemoTest","fun8","fun8",""
"failed","Fri Mar 15 22:40:12 CST 2019","Fri Mar 15 22:40:12 CST 2019","33","","AssertTest","","AssertTest","fun000","fun000",""
"passed","Fri Mar 15 22:40:12 CST 2019","Fri Mar 15 22:40:12 CST 2019","1","","ListDemoTest","","ListDemoTest","fun6","fun6",""
"passed","Fri Mar 15 22:40:11 CST 2019","Fri Mar 15 22:40:11 CST 2019","1","","ForDemoTest","","ForDemoTest","fun1","fun1",""
"failed","Fri Mar 15 22:40:12 CST 2019","Fri Mar 15 22:40:12 CST 2019","1","","AssertTest","","AssertTest","fun00","fun00",""
"passed","Fri Mar 15 22:40:11 CST 2019","Fri Mar 15 22:40:11 CST 2019","1","","ArrayDemoTest","","ArrayDemoTest","fun","fun",""
"passed","Fri Mar 15 22:40:11 CST 2019","Fri Mar 15 22:40:11 CST 2019","4","","MapDemoTest","","MapDemoTest","fun4","fun4",""
"passed","Fri Mar 15 22:40:11 CST 2019","Fri Mar 15 22:40:11 CST 2019","12","","Base_TypeTest","","Base_TypeTest","fun5","fun5",""
"passed","Fri Mar 15 22:40:12 CST 2019","Fri Mar 15 22:40:12 CST 2019","0","","ForDemoTest","","ForDemoTest","fun7","fun7",""
"passed","Fri Mar 15 22:40:11 CST 2019","Fri Mar 15 22:40:12 CST 2019","2","","ForDemoTest","","ForDemoTest","fun6","fun6",""
